Overall,Thread0,Thread1,Thread2,Thread3,Thread4,Thread5,Thread6,Thread7,Thread8,Thread9
15.154519819999999,14.614483400000001,15.2678912,18.9015151,9.6073415,14.5313364,13.963899,19.0173351,9.8758745,18.0184769,17.747045100000005
4.245615599999999,3.5551952,5.460134400000001,4.8068026,5.4300015,3.620269,3.6436272000000005,3.2539279999999997,3.7599834999999997,3.5070287,5.4191859000000004
105.99415196999999,99.4936888,102.6062038,138.5507977,23.4626475,141.52778709999998,138.5662659,126.2599291,97.3892148,110.61848340000002,81.46650159999999
17.279853340000003,17.1327563,16.3558651,19.624486800000003,11.4679824,20.9189499,20.4231357,18.607606399999998,13.4706986,18.8471791,15.9498731
2.07959222,2.2468312,2.2278065000000002,2.2702253999999997,2.2649116,2.2773081000000004,2.3164752,2.2768126000000004,1.3431036,1.7863278,1.7861201999999998
